Workbook

Sheet Summary
A1: COB Flow — Phase 0 Target List
A2: Anchored on ZIP 53045 (Brookfield, WI) — built for the Wisconsin pilot phase
A4: TOTALS
A5: Total targets | B5: =COUNTA(Targets!B:B)-1 -> 33
A6: Phase 0 milestone (need ≥25) | B6: =IF(B5>=25,"✓ Met","Below threshold — add more") -> ✓ Met
A8: BY PRIORITY
A9: P0 — closest / warmest | B9: =COUNTIF(Targets!A:A,"P0") -> 11
A10: P1 — Milwaukee metro | B10: =COUNTIF(Targets!A:A,"P1") -> 14
A11: P2 — WI but further / national rollup | B11: =COUNTIF(Targets!A:A,"P2") -> 8
A12: P3 — long-shot | B12: =COUNTIF(Targets!A:A,"P3") -> 0
A14: BY TYPE
A15: Carrier | B15: =COUNTIF(Targets!C:C,"Carrier") -> 7
A16: Carrier / TPA | B16: =COUNTIF(Targets!C:C,"Carrier / TPA") -> 1
A17: Carrier + Hospital RCM | B17: =COUNTIF(Targets!C:C,"Carrier + Hospital RCM") -> 1
A18: TPA | B18: =COUNTIF(Targets!C:C,"TPA") -> 2
A19: Hospital RCM | B19: =COUNTIF(Targets!C:C,"Hospital RCM") -> 4
A20: Self-funded employer | B20: =COUNTIF(Targets!C:C,"Self-funded employer") -> 13
A21: Law firm | B21: =COUNTIF(Targets!C:C,"Law firm") -> 5
A23: BY STATUS (update as you work)
A24: Cold | B24: =COUNTIF(Targets!H:H,"Cold") -> 33
A25: Researching | B25: =COUNTIF(Targets!H:H,"Researching") -> 0
A26: Outreach sent | B26: =COUNTIF(Targets!H:H,"Outreach sent") -> 0
A27: Conversation scheduled | B27: =COUNTIF(Targets!H:H,"Conversation scheduled") -> 0
A28: Conversation done | B28: =COUNTIF(Targets!H:H,"Conversation done") -> 0
A29: Pilot candidate | B29: =COUNTIF(Targets!H:H,"Pilot candidate") -> 0
A30: Passed | B30: =COUNTIF(Targets!H:H,"Passed") -> 0
A31: Stalled | B31: =COUNTIF(Targets!H:H,"Stalled") -> 0
A33: NOTE
A34: This is a starting research list. Every address, HQ status, and current org structure must be verified before you build a real outreach plan. Use this as the skeleton; the truth is in LinkedIn, the Wisconsin OCI directory, and warm-intro conversations.

Sheet Targets
A1: Priority | B1: Organization | C1: Type | D1: City | E1: ~Distance (mi) | F1: Why target | G1: First-conversation goal | H1: Status | I1: Contact (TBD) | J1: LinkedIn search hint | K1: Last touch | L1: Next step | M1: Caveat / watch-out
A2: P0 | B2: Common Ground Healthcare Cooperative | C2: Carrier | D2: Brookfield, WI | E2: 1 | F2: Local cooperative carrier; potentially literal neighbor — fastest warm-intro path of any target on the list. | G2: Coffee meeting. Listen first: current COB and subro workflow, vendor relationships, what's painful. | H2: Cold | I2: (TBD) | J2: Common Ground Healthcare Cooperative subrogation OR coordination of benefits | L2: Confirm Brookfield HQ. Request warm intro via LinkedIn / mutual contact. | M2: VERIFY HQ ADDRESS before assuming proximity.
A3: P0 | B3: ProHealth Care | C3: Hospital RCM | D3: Waukesha, WI | E3: 5 | F3: Large independent health system; runs its own revenue cycle. Patient-side COB and TPL recovery is real volume here. | G3: Meet revenue-cycle director. Understand whether RCM is in-house or outsourced; size of TPL function. | H3: Cold | I3: (TBD) | J3: ProHealth Care revenue cycle OR patient financial services | L3: LinkedIn warm intro request to RCM leadership. | M3: Some health systems outsource RCM entirely — confirm before deep prep.
A4: P0 | B4: Diversified Benefit Services (DBS) | C4: TPA | D4: Hartland, WI | E4: 12 | F4: Regional TPA. Possible channel partner (sell-through their book) or direct first customer for the vendor mode. | G4: Understand book size, current subro/COB vendor relationships, openness to a regional partnership. | H4: Cold | I4: (TBD) | J4: Diversified Benefit Services Hartland Wisconsin | L4: Cold or warm outreach to operations leadership. | M4: Verify current ownership and book size.
A5: P0 | B5: Kohl's | C5: Self-funded employer | D5: Menomonee Falls, WI | E5: 10 | F5: Large self-funded employer with sophisticated benefits team. Buyer-of-COB-services likely sits in their TPA, but benefits ops drives vendor decisions. | G5: Identify benefits operations lead. Understand TPA relationship and whether subro is in or out of scope. | H5: Cold | I5: (TBD) | J5: Kohl's benefits operations OR benefits manager | L5: LinkedIn search benefits/HR leadership. | M5: Sale here likely runs through their TPA.
A6: P0 | B6: Quad / Quad/Graphics | C6: Self-funded employer | D6: Sussex, WI | E6: 10 | F6: Large local self-funded employer. Manufacturing/print-services workforce — meaningful trauma claim volume. | G6: Identify benefits ops lead; gauge TPA and recovery-vendor relationships. | H6: Cold | I6: (TBD) | J6: Quad benefits operations Sussex | L6: LinkedIn search.
A7: P0 | B7: Generac Power Systems | C7: Self-funded employer | D7: Waukesha, WI | E7: 12 | F7: Local manufacturing employer; growing headcount; sophisticated benefits operations. | G7: Identify benefits and risk-mgmt leadership; understand current carrier/TPA stack. | H7: Cold | I7: (TBD) | J7: Generac benefits manager Waukesha | L7: LinkedIn search.
A8: P0 | B8: Quarles & Brady (Milwaukee office) | C8: Law firm | D8: Milwaukee, WI | E8: 13 | F8: Phase 0 attorney scoping target. Strong healthcare and insurance practice. | G8: Fixed-fee 1-hour scoping call: Wisconsin OCI registration, third-party recovery vendor rules, NDA/consulting templates. | H8: Cold | I8: (TBD) | J8: Quarles & Brady healthcare insurance regulatory Milwaukee | L8: Reach out to healthcare practice leader. | M8: PHASE 0 ATTORNEY — not a customer.
A9: P0 | B9: Reinhart Boerner Van Deuren | C9: Law firm | D9: Milwaukee, WI | E9: 13 | F9: Phase 0 attorney scoping alternative; well-regarded WI healthcare regulatory practice. | G9: Fixed-fee scoping call: WI OCI third-party recovery vendor posture, entity setup nuances. | H9: Cold | I9: (TBD) | J9: Reinhart Boerner healthcare regulatory | L9: Reach out via healthcare practice page. | M9: PHASE 0 ATTORNEY — not a customer.
A10: P0 | B10: Foley & Lardner (Milwaukee) | C10: Law firm | D10: Milwaukee, WI | E10: 13 | F10: Phase 0 attorney scoping alternative; nationally recognized healthcare practice. | G10: Fixed-fee scoping call. May be expensive — get a quote first. | H10: Cold | I10: (TBD) | J10: Foley Lardner healthcare insurance Milwaukee | L10: Inquire about fixed-fee initial scoping engagement. | M10: PHASE 0 ATTORNEY — likely higher hourly rate.
A11: P0 | B11: Husch Blackwell (Milwaukee) | C11: Law firm | D11: Milwaukee, WI | E11: 13 | F11: Phase 0 attorney alternative; healthcare and insurance practice. | G11: Fixed-fee scoping call. Compare quote with Quarles & Brady and Reinhart. | H11: Cold | I11: (TBD) | J11: Husch Blackwell healthcare Milwaukee | L11: Inquire about initial scoping. | M11: PHASE 0 ATTORNEY — not a customer.
A12: P0 | B12: Godfrey & Kahn (Milwaukee) | C12: Law firm | D12: Milwaukee, WI | E12: 13 | F12: Phase 0 attorney alternative; corporate and healthcare practice; Wisconsin-rooted. | G12: Fixed-fee scoping call. | H12: Cold | I12: (TBD) | J12: Godfrey Kahn healthcare regulatory | L12: Inquire about initial scoping. | M12: PHASE 0 ATTORNEY — not a customer.
A13: P1 | B13: Anthem Blue Cross Blue Shield of Wisconsin | C13: Carrier | D13: Milwaukee, WI | E13: 13 | F13: Largest commercial carrier in Wisconsin. Significant subrogation operation. Slower to move than regionals but real volume. | G13: Identify Wisconsin subrogation operations lead; ask about current vendor stack (Rawlings/Optum/in-house). | H13: Cold | I13: (TBD) | J13: Anthem Wisconsin subrogation OR claims operations | L13: LinkedIn for subro/COB operations leadership. | M13: Decisions may roll up to Elevance national operations.
A14: P1 | B14: Children's Wisconsin (Hospital + Health Plan) | C14: Carrier + Hospital RCM | D14: Milwaukee, WI | E14: 13 | F14: Both a pediatric health plan and a hospital system. Pediatric trauma is high subrogation hit-rate volume. | G14: Two separate conversations possible: plan-side COB and hospital-side TPL recovery. | H14: Cold | I14: (TBD) | J14: Children's Wisconsin subrogation OR revenue cycle | L14: LinkedIn — search both plan-side and RCM-side leadership. | M14: Two distinct ICPs in one logo.
A15: P1 | B15: Froedtert Health (now Froedtert ThedaCare Health) | C15: Hospital RCM | D15: Milwaukee/Wauwatosa, WI | E15: 8 | F15: Major academic health system. Sizable RCM and TPL function. | G15: Meet revenue-cycle / patient-accounting leadership. Understand TPL recovery workflow. | H15: Cold | I15: (TBD) | J15: Froedtert revenue cycle OR patient financial services | L15: LinkedIn warm intro. | M15: Recently merged with ThedaCare — confirm current org chart.
A16: P1 | B16: Advocate Health (formerly Aurora Health Care) | C16: Hospital RCM | D16: Milwaukee, WI | E16: 13 | F16: Large multi-state health system after the Advocate Aurora merger and subsequent rename. Wisconsin operations are significant. | G16: Identify Wisconsin-region RCM leadership; understand whether TPL recovery is centralized or regional. | H16: Cold | I16: (TBD) | J16: Advocate Health Wisconsin revenue cycle | L16: LinkedIn warm intro. | M16: Decisions may sit at Charlotte HQ post-merger.
A17: P1 | B17: Ascension Wisconsin | C17: Hospital RCM | D17: Milwaukee area, WI | E17: 13 | F17: Catholic health system; significant Wisconsin footprint. | G17: Identify RCM leadership; gauge TPL recovery centralization. | H17: Cold | I17: (TBD) | J17: Ascension Wisconsin revenue cycle | L17: LinkedIn. | M17: Ascension uses outsourced RCM in some regions — confirm.
A18: P1 | B18: Northwestern Mutual | C18: Self-funded employer | D18: Milwaukee, WI | E18: 13 | F18: Iconic Milwaukee employer; large self-funded health plan; sophisticated benefits team. | G18: Identify benefits operations leadership; understand TPA and recovery-vendor stack. | H18: Cold | I18: (TBD) | J18: Northwestern Mutual benefits operations | L18: LinkedIn — benefits/HR senior leadership. | M18: Hard to penetrate without warm intro.
A19: P1 | B19: Harley-Davidson | C19: Self-funded employer | D19: Milwaukee, WI | E19: 13 | F19: Iconic Milwaukee employer; self-funded; manufacturing workforce with meaningful injury claims. | G19: Identify benefits ops lead. | H19: Cold | I19: (TBD) | J19: Harley-Davidson benefits manager | L19: LinkedIn.
A20: P1 | B20: Briggs & Stratton | C20: Self-funded employer | D20: Wauwatosa, WI | E20: 8 | F20: Local manufacturing employer. | G20: Identify benefits ops lead. | H20: Cold | I20: (TBD) | J20: Briggs Stratton benefits operations | L20: LinkedIn. | M20: Post-bankruptcy ownership change (KPS) — confirm current benefits structure.
A21: P1 | B21: Rockwell Automation | C21: Self-funded employer | D21: Milwaukee, WI | E21: 13 | F21: Large Milwaukee-HQ industrial automation company; sophisticated benefits. | G21: Identify benefits ops lead. | H21: Cold | I21: (TBD) | J21: Rockwell Automation benefits manager | L21: LinkedIn.
A22: P1 | B22: ManpowerGroup | C22: Self-funded employer | D22: Milwaukee, WI | E22: 13 | F22: Global staffing HQ in Milwaukee; sophisticated benefits team. | G22: Identify benefits ops lead. | H22: Cold | I22: (TBD) | J22: ManpowerGroup benefits operations Milwaukee | L22: LinkedIn.
A23: P1 | B23: Johnson Controls | C23: Self-funded employer | D23: Glendale, WI | E23: 18 | F23: Large Milwaukee-area HQ; sophisticated benefits operations. | G23: Identify benefits ops lead. | H23: Cold | I23: (TBD) | J23: Johnson Controls benefits operations | L23: LinkedIn. | M23: Multi-national; benefits decisions may be globally centralized.
A24: P1 | B24: WEC Energy Group | C24: Self-funded employer | D24: Milwaukee, WI | E24: 13 | F24: Utility holding company headquartered in Milwaukee. | G24: Identify benefits ops lead. | H24: Cold | I24: (TBD) | J24: WEC Energy benefits manager | L24: LinkedIn.
A25: P1 | B25: Direct Supply | C25: Self-funded employer | D25: Milwaukee, WI | E25: 13 | F25: Milwaukee-HQ senior-living supplier. Reputation for sophisticated employee benefits. | G25: Identify benefits ops lead. | H25: Cold | I25: (TBD) | J25: Direct Supply benefits operations | L25: LinkedIn.
A26: P1 | B26: GE HealthCare (now standalone GEHC) | C26: Self-funded employer | D26: Wauwatosa, WI | E26: 8 | F26: Major Wauwatosa employer post-spin-off from GE. | G26: Identify benefits ops lead. | H26: Cold | I26: (TBD) | J26: GE HealthCare benefits operations Wauwatosa | L26: LinkedIn. | M26: Spun off from GE in 2023; benefits operations may still be integrating.
A27: P2 | B27: WPS Health Solutions | C27: Carrier / TPA | D27: Madison, WI | E27: 80 | F27: WI-rooted carrier and TPA. Government contractor heritage. Subrogation operation is real. | G27: Identify subrogation operations lead. | H27: Cold | I27: (TBD) | J27: WPS Health Solutions subrogation | L27: LinkedIn. | M27: Further drive — consider video call for first conversation.
A28: P2 | B28: Quartz Health Solutions | C28: Carrier | D28: Madison, WI | E28: 80 | F28: Madison-area carrier (Unity, Gundersen, Physicians Plus merger). | G28: Identify subrogation ops lead. | H28: Cold | I28: (TBD) | J28: Quartz Health Solutions subrogation Madison | L28: LinkedIn. | M28: Madison drive.
A29: P2 | B29: Network Health | C29: Carrier | D29: Menasha, WI | E29: 110 | F29: WI-rooted regional carrier in Fox Cities. | G29: Identify subrogation/COB ops lead. | H29: Cold | I29: (TBD) | J29: Network Health Menasha subrogation | L29: LinkedIn. | M29: Far — video call for first conversation.
A30: P2 | B30: Auxiant | C30: TPA | D30: Madison, WI | E30: 80 | F30: WI-rooted TPA. | G30: Identify operations leadership; understand book size. | H30: Cold | I30: (TBD) | J30: Auxiant TPA Madison Wisconsin | L30: LinkedIn / direct outreach. | M30: Smaller book; confirm scale.
A31: P2 | B31: UnitedHealthcare — Wisconsin office | C31: Carrier | D31: Wauwatosa / Milwaukee, WI | E31: 10 | F31: WI regional presence but subrogation rolls up to Optum nationally — local conversation may not be decision-making. | G31: Local relationship building; decisions sit at Optum. | H31: Cold | I31: (TBD) | J31: UnitedHealthcare Wisconsin claims operations | L31: LinkedIn. | M31: Optum is a direct competitor — handle with care.
A32: P2 | B32: Aetna — Wisconsin office | C32: Carrier | D32: Milwaukee, WI | E32: 13 | F32: CVS Health / Aetna; WI regional presence; decisions national. | G32: Local relationship building; learn current vendor stack. | H32: Cold | I32: (TBD) | J32: Aetna Wisconsin claims operations | L32: LinkedIn.
A33: P2 | B33: Humana — Wisconsin office | C33: Carrier | D33: Milwaukee/Waukesha, WI | E33: 10 | F33: Humana has WI Medicare Advantage presence; subro on those claims is real. | G33: Identify WI ops leadership. | H33: Cold | I33: (TBD) | J33: Humana Wisconsin Medicare Advantage subrogation | L33: LinkedIn.
A34: P2 | B34: A.O. Smith | C34: Self-funded employer | D34: Milwaukee, WI | E34: 13 | F34: Milwaukee-HQ water-heater manufacturer. | G34: Identify benefits ops lead. | H34: Cold | I34: (TBD) | J34: A.O. Smith benefits manager | L34: LinkedIn.

Sheet Notes
A1: Organization | B1: Narrative / suggested approach / watch-outs
A2: Common Ground Healthcare Cooperative | B2: If their HQ is in fact in Brookfield, this is the single highest-leverage Phase 1 target on the list — proximity to a founder buys access that no amount of email outreach replicates. Treat first conversation as pure listening; do not pitch the prototype in the first meeting. Their COB workflow conversation will tell you whether COB Smart already has their commercial COB problem solved, which immediately sharpens our pitch (we are the subrogation layer COB Smart explicitly excludes).
A3: ProHealth Care | B3: Hospital RCM is a Phase 3 expansion target in the GTM roadmap, but ProHealth is close enough that an early conversation is essentially free. Watch-out: if RCM is outsourced (e.g., to Conifer or R1), the buyer isn't ProHealth — it's the outsource vendor. Confirm in-house or outsourced before deep prep.
A4: Diversified Benefit Services (DBS) | B4: Regional TPAs are often the most underserved buyer segment because national vendors don't court them. A small TPA may be the cleanest first commercial pilot if Common Ground doesn't bite. The conversation here is about partnership and per-recovery economics, not enterprise license fees.
A5: Kohl's | B5: Self-funded employers buy through their TPA in most cases. Use Kohl's primarily to learn: who is their TPA, what is their recovery vendor stack, would they push their TPA to evaluate COB Flow if asked? The benefits operations leader is the right entry point.
A6: Quad / Quad/Graphics | B6: Manufacturing/print workforce — meaningful trauma claim base. Local enough for an in-person meeting.
A7: Generac Power Systems | B7: Growth company with growing benefits operations. Risk-management leadership may be a more productive entry point than pure benefits ops.
A8: Quarles & Brady (Milwaukee office) | B8: Likely the right Phase 0 first call. Healthcare and insurance regulatory practice in Milwaukee. Ask for fixed-fee scoping engagement covering: Wisconsin OCI registration posture for a third-party recovery vendor, baseline NDA and consulting templates, entity structure recommendations.
A9: Reinhart Boerner Van Deuren | B9: Healthy alternative to Quarles & Brady. Get quotes from both before committing.
A10: Foley & Lardner (Milwaukee) | B10: Nationally recognized but likely higher hourly rate. Use as fallback if Quarles or Reinhart don't fit. Strong on subrogation case-law nuance which may matter once we're drafting demand-letter language.
A11: Husch Blackwell (Milwaukee) | B11: Strong healthcare regulatory practice. Worth getting a quote for comparison.
A12: Godfrey & Kahn (Milwaukee) | B12: Wisconsin-rooted firm. Strong corporate and healthcare practices. Worth a quote.
... A34: A.O. Smith | B34: Smaller than the other Milwaukee industrial employers; sometimes more accessible as a result.

Sheet Outreach Log
A1: Date | B1: Organization | C1: Person | D1: Role/Title | E1: Channel | F1: Outcome | G1: Next step | H1: Notes

Sheet Legend
A1: Legend
A3: PRIORITY
A4: P0 | B4: Closest to 53045 OR strongest warm-intro path. First wave of outreach. Includes Phase 0 attorney scoping targets.
A5: P1 | B5: Milwaukee metro (within ~20 mi). Second wave.
A6: P2 | B6: Wisconsin but further drive, or national companies with WI regional office where decisions roll up nationally.
A7: P3 | B7: Long-shot. Revisit only after Phase 1 discovery surfaces a specific reason.
A9: STATUS
A10: Cold | B10: No contact yet. Default.
A11: Researching | B11: Looking up HQ, confirming org structure, finding the right contact on LinkedIn.
A12: Outreach sent | B12: Email or LinkedIn message sent; awaiting response.
A13: Conversation scheduled | B13: Meeting on the calendar.
A14: Conversation done | B14: Met. Move to Outreach Log for follow-ups.
A15: Pilot candidate | B15: Strong fit; advancing to Phase 3 conversation.
A16: Passed | B16: Not a fit; document why and stop.
A17: Stalled | B17: No response after 3 touches; revisit in 90 days.
A19: TYPE
A20: Carrier | B20: Health insurance carrier / health plan. Primary ICP for COB Flow.
A21: TPA | B21: Third-party administrator. Channel partner or direct customer in vendor mode.
A22: Carrier / TPA | B22: Hybrid organization (e.g., WPS) that operates as both.
A23: Carrier + Hospital RCM | B23: Unusual orgs (e.g., Children's Wisconsin) running both a plan and a hospital RCM.
A24: Hospital RCM | B24: Hospital revenue cycle / patient financial services. Phase 3 expansion target.
A25: Self-funded employer | B25: Plan sponsor running its own benefits. Usually buys via TPA.
A26: Law firm | B26: Phase 0 attorney scoping target — NOT a customer. Used to set up WI legal/regulatory baseline.
A28: HOW TO USE THIS WORKBOOK
A29: 1. Open the Targets sheet. Filter by Priority or Type to plan your week.
A30: 2. As you research each org, update Contact, LinkedIn, and Next step.
A31: 3. When you take an action, update Status and log the touch in Outreach Log.
A32: 4. Read the Notes sheet before any first conversation — it has the watch-outs.
A33: 5. Check Summary weekly to track Phase 0 progress against the ≥25 target.
A34: 6. This list is starting research. Verify every address and HQ status before serious outreach.
